socialmedia,age,mobile,season,newcustomer,adcost,adrevenue
Instagram,37,mobile,summer,yes,6.46,1.64
TikTok,13,mobile,summer,yes,3.82,3.92
TikTok,22,mobile,winter,yes,4.88,1.15
YouTube,25,mobile,summer,yes,12.01,0.88
TikTok,14,mobile,spring,no,2.64,15.72
Twitter,27,computer,summer,no,3.93,3.31
YouTube,27,computer,winter,yes,14.43,8.84
Instagram,38,mobile,winter,no,3.03,21.53
Instagram,25,mobile,spring,yes,5.87,7.42
Facebook,23,computer,spring,no,5.42,16.29
TikTok,22,mobile,summer,yes,4.69,15.86
YouTube,31,mobile,winter,no,14.79,3.34
Instagram,23,computer,winter,no,7.65,18.55
YouTube,39,computer,summer,no,7.73,17.68
Facebook,36,computer,winter,no,4.33,2.93
Twitter,38,mobile,summer,yes,2.01,9.14
YouTube,33,computer,spring,no,10.84,52.86
YouTube,35,mobile,fall,yes,11.05,16.47
TikTok,23,mobile,fall,no,1.03,3.98
Facebook,28,mobile,fall,no,4.62,11.9
TikTok,18,mobile,spring,yes,2.3,1.1
YouTube,42,mobile,winter,no,10.82,4.01
TikTok,21,mobile,summer,yes,2.8,6.83
Facebook,25,mobile,spring,no,3.94,2.32
YouTube,25,computer,winter,no,5.41,15.28
Facebook,18,mobile,spring,no,4.67,3.04
Instagram,28,mobile,fall,no,3.41,8.89
Facebook,19,mobile,spring,no,2.29,4.95
Facebook,26,computer,winter,no,3.57,5.54
YouTube,31,computer,summer,yes,10.42,65.8
Twitter,37,mobile,summer,no,1.77,1.19
TikTok,17,mobile,summer,no,3.56,6.27
Instagram,26,mobile,fall,no,5.14,3.14
TikTok,20,mobile,spring,no,3.14,4.97
Instagram,36,mobile,winter,no,5.88,20.93
TikTok,20,mobile,summer,yes,2.97,3.59
Facebook,34,computer,summer,no,6.61,8.23
YouTube,36,mobile,fall,yes,11.39,7.92
TikTok,17,mobile,summer,no,2.36,15.64
Facebook,34,mobile,spring,no,2.69,3.55
YouTube,34,computer,fall,no,9.05,31.53
Facebook,34,mobile,spring,no,6.45,2.93
YouTube,35,mobile,winter,yes,6.24,10.32
YouTube,33,computer,fall,no,6.83,9.01
Instagram,29,mobile,summer,no,3.29,12.89
TikTok,22,mobile,fall,yes,5.8,10.79
YouTube,53,computer,spring,yes,9.09,21.38
YouTube,28,computer,fall,no,11.68,19.38
TikTok,23,mobile,winter,yes,4.6,2.56
YouTube,41,computer,winter,yes,9.3,4.97
Instagram,29,mobile,summer,no,5.6,13.81
Facebook,49,mobile,fall,no,6.34,4.17
YouTube,22,mobile,summer,no,11.41,21.41
TikTok,14,mobile,winter,no,0.51,0.59
TikTok,22,mobile,spring,yes,0.31,7.04
TikTok,16,mobile,spring,yes,6.13,15.36
Instagram,19,mobile,winter,no,8.52,28.58
TikTok,17,mobile,winter,yes,3.62,8.57
Facebook,30,mobile,spring,no,6.52,9.33
Facebook,47,mobile,fall,no,4.66,1.81
Instagram,25,mobile,spring,no,4.09,9.67
TikTok,18,mobile,fall,yes,0.62,0.71
Instagram,22,mobile,spring,no,5.02,4.26
Twitter,29,mobile,summer,no,2.29,30.46
TikTok,14,mobile,winter,no,6.3,35.99
Facebook,44,mobile,summer,no,2.99,1.42
Facebook,28,computer,summer,no,4.79,2.02
Instagram,31,mobile,fall,yes,3.11,11.22
TikTok,17,mobile,winter,no,6.95,4.82
Instagram,32,computer,fall,no,4.57,10.57
Instagram,28,mobile,fall,no,8.19,3.48
Instagram,25,mobile,spring,no,6.47,15.5
Instagram,27,mobile,winter,no,5.24,1.79
Facebook,34,mobile,summer,yes,2.77,5.2
TikTok,22,mobile,spring,yes,5.29,9.94
Instagram,23,mobile,winter,no,3.93,4.91
TikTok,19,mobile,winter,yes,3.26,3.21
TikTok,17,mobile,fall,yes,2.13,2.57
Instagram,25,mobile,fall,no,6.76,16.05
YouTube,30,computer,winter,no,12.17,21.57
YouTube,20,computer,winter,yes,12.66,10.6
Facebook,45,computer,fall,yes,6.59,0.62
TikTok,19,mobile,fall,yes,0.03,2.0
Instagram,21,mobile,summer,yes,7.19,7.15
TikTok,16,mobile,winter,yes,3.93,19.83
Twitter,27,mobile,fall,yes,3.36,4.58
Instagram,27,mobile,spring,yes,4.53,4.14
Twitter,28,mobile,summer,no,2.94,3.89
TikTok,23,mobile,spring,no,0.62,0.48
Instagram,32,computer,winter,no,4.46,11.29
YouTube,31,computer,spring,no,14.12,5.14
Facebook,24,mobile,spring,no,4.95,25.87
Instagram,25,mobile,summer,no,3.13,8.2
YouTube,45,computer,winter,no,12.18,19.76
YouTube,40,mobile,winter,yes,7.39,22.3
TikTok,12,mobile,fall,yes,6.04,4.71
Facebook,34,computer,spring,yes,5.2,5.31
Instagram,25,mobile,fall,yes,7.48,4.67
YouTube,40,computer,spring,no,13.87,19.35
TikTok,17,mobile,spring,yes,1.68,4.72
Facebook,29,computer,fall,no,4.96,18.06
YouTube,48,mobile,summer,no,6.96,4.3
Instagram,22,mobile,fall,no,4.65,3.5
TikTok,21,mobile,spring,yes,5.92,15.87
Facebook,17,mobile,summer,no,6.87,6.13
TikTok,21,mobile,fall,no,3.82,5.29
YouTube,37,mobile,summer,yes,8.73,13.59
YouTube,25,computer,winter,no,10.12,81.19
Facebook,33,mobile,fall,no,6.88,8.5
Facebook,32,computer,spring,no,3.4,1.47
TikTok,15,mobile,fall,yes,3.59,3.04
Twitter,43,computer,fall,no,1.39,5.34
TikTok,18,mobile,summer,yes,6.29,9.15
Instagram,26,computer,winter,no,5.01,5.4
Instagram,34,mobile,winter,no,6.18,9.94
YouTube,38,mobile,summer,yes,11.94,23.62
Facebook,26,computer,summer,no,5.94,8.47
TikTok,19,mobile,spring,yes,1.55,4.75
Instagram,29,mobile,winter,yes,8.76,10.49
Instagram,28,mobile,winter,no,3.91,4.31
Twitter,40,computer,summer,yes,1.64,1.23
Instagram,22,mobile,summer,no,3.07,16.16
YouTube,34,computer,spring,yes,12.56,15.82
Instagram,22,computer,winter,yes,6.39,6.02
YouTube,28,computer,winter,yes,13.44,56.96
YouTube,37,computer,winter,no,6.63,8.69
YouTube,35,computer,fall,no,10.44,9.09
TikTok,16,mobile,fall,no,4.74,16.66
Instagram,34,computer,spring,no,6.54,12.0
TikTok,24,mobile,summer,no,6.54,7.29
YouTube,39,computer,fall,no,9.97,15.44
TikTok,19,mobile,summer,no,4.05,2.89
YouTube,31,computer,spring,yes,6.41,31.91
TikTok,20,mobile,winter,yes,1.59,17.64
Instagram,27,mobile,fall,no,7.69,12.62
Facebook,26,mobile,fall,no,6.84,9.21
Instagram,23,computer,fall,yes,5.65,3.7
Facebook,28,computer,spring,no,6.62,2.74
YouTube,30,computer,fall,yes,11.84,1.69
Instagram,28,mobile,winter,no,3.34,2.56
TikTok,18,computer,winter,yes,4.03,3.0
Facebook,26,computer,spring,no,4.56,8.87
Twitter,19,computer,summer,no,2.08,1.92
YouTube,23,computer,spring,yes,12.8,10.62
YouTube,34,computer,fall,no,9.23,21.46
Facebook,21,mobile,winter,no,6.26,0.24
Instagram,23,mobile,summer,yes,6.78,4.65
YouTube,31,computer,spring,yes,11.03,14.11
Facebook,26,computer,spring,yes,2.3,5.52
TikTok,17,mobile,summer,yes,6.81,21.73
Instagram,31,mobile,winter,no,5.58,8.27
TikTok,20,mobile,fall,no,5.87,1.76
YouTube,35,computer,winter,yes,11.44,32.78
YouTube,35,mobile,winter,yes,10.36,33.08
Instagram,27,mobile,winter,no,7.83,14.04
YouTube,29,computer,winter,yes,6.46,5.34
Instagram,28,mobile,winter,no,5.22,25.62
YouTube,25,mobile,spring,no,10.65,7.56
Facebook,37,mobile,spring,no,2.09,5.62
Instagram,29,mobile,summer,no,6.86,17.32
TikTok,19,mobile,fall,yes,3.87,6.7
YouTube,33,computer,fall,no,6.02,6.61
TikTok,23,mobile,summer,no,1.6,3.99
TikTok,18,mobile,summer,no,6.45,18.21
Facebook,36,computer,spring,no,6.43,9.22
Instagram,29,computer,winter,no,7.49,28.11
Instagram,27,mobile,spring,no,7.24,7.15
Twitter,40,mobile,summer,no,2.25,1.33
YouTube,30,computer,spring,yes,14.08,29.68
Instagram,28,mobile,winter,no,8.35,21.26
TikTok,15,mobile,summer,yes,7.31,16.0
TikTok,18,computer,summer,yes,3.09,5.23
Instagram,34,mobile,fall,no,3.06,1.85
TikTok,17,mobile,summer,yes,4.07,3.62
TikTok,20,mobile,summer,no,0.49,4.78
YouTube,37,mobile,fall,no,7.78,4.98
YouTube,43,computer,spring,yes,11.81,12.79
Facebook,10,mobile,spring,no,6.75,9.32
Twitter,42,mobile,fall,no,3.54,6.62
Twitter,37,mobile,summer,no,1.51,4.94
Facebook,22,computer,spring,no,5.78,10.31
YouTube,21,mobile,winter,yes,5.49,6.82
YouTube,27,computer,spring,no,7.99,21.32
TikTok,23,mobile,winter,no,5.89,5.38
Instagram,23,mobile,summer,no,8.71,10.35
TikTok,19,mobile,spring,yes,7.39,14.79
TikTok,24,mobile,winter,no,2.88,25.12
Twitter,36,computer,winter,no,2.27,5.79
YouTube,29,computer,fall,no,12.72,17.32
YouTube,40,computer,winter,yes,13.88,11.79
Instagram,31,mobile,winter,yes,6.29,9.86
Instagram,32,mobile,winter,no,7.14,24.87
YouTube,26,computer,summer,yes,6.23,8.53
YouTube,48,computer,winter,yes,6.81,12.37
Facebook,26,computer,summer,no,2.17,7.72
YouTube,41,computer,spring,yes,9.02,18.98
TikTok,18,mobile,spring,no,6.42,9.86
YouTube,31,computer,summer,yes,8.79,15.89
TikTok,18,mobile,summer,no,3.33,10.26
Facebook,19,mobile,summer,yes,3.7,3.41
YouTube,26,computer,summer,yes,9.9,14.69
YouTube,32,computer,winter,no,6.86,21.84
TikTok,19,mobile,fall,yes,1.96,3.01
Instagram,19,mobile,summer,yes,7.32,3.84
Facebook,39,mobile,fall,no,6.5,10.71
YouTube,28,mobile,winter,yes,8.92,58.09
Instagram,14,mobile,spring,no,5.2,12.64
TikTok,19,mobile,winter,yes,7.32,24.72
TikTok,20,mobile,summer,yes,7.38,7.23
Instagram,34,mobile,spring,no,7.96,4.63
TikTok,17,mobile,fall,yes,6.14,2.5
Twitter,45,mobile,summer,yes,2.82,9.28
Instagram,29,mobile,summer,no,7.98,22.47
TikTok,22,mobile,spring,no,5.65,15.98
YouTube,23,mobile,fall,yes,10.74,12.51
Facebook,20,mobile,fall,no,2.28,3.2
Instagram,25,mobile,fall,no,3.26,5.3
Instagram,38,mobile,fall,no,6.81,11.11
YouTube,36,mobile,summer,yes,7.4,25.5
Instagram,27,mobile,winter,no,3.54,6.59
Instagram,31,mobile,spring,yes,4.08,2.47
Instagram,25,mobile,spring,no,3.19,1.59
Instagram,36,mobile,winter,no,5.62,4.64
TikTok,16,mobile,winter,yes,0.49,15.05
Instagram,24,mobile,fall,no,8.71,8.38
Instagram,23,mobile,winter,no,7.82,13.05
Facebook,42,computer,spring,no,4.0,7.49
YouTube,28,computer,fall,no,12.08,22.53
TikTok,20,computer,summer,no,7.67,15.51
TikTok,24,mobile,spring,yes,0.62,2.07
TikTok,17,mobile,spring,yes,0.56,0.34
TikTok,25,mobile,winter,no,4.75,1.09
TikTok,23,mobile,summer,yes,2.23,1.71
Facebook,32,mobile,summer,no,5.25,6.99
YouTube,23,mobile,winter,no,10.84,23.29
Instagram,35,mobile,summer,no,3.28,7.78
Instagram,26,mobile,fall,no,5.82,8.42
TikTok,19,mobile,winter,yes,4.29,7.63
Twitter,35,mobile,winter,yes,1.68,0.87
Facebook,34,mobile,winter,yes,6.98,29.49
Instagram,29,mobile,spring,no,8.35,10.69
Instagram,22,mobile,spring,yes,6.14,5.67
Twitter,42,mobile,spring,no,1.34,11.59
TikTok,21,mobile,fall,no,7.46,10.51
TikTok,19,mobile,winter,no,2.45,7.47
YouTube,44,mobile,summer,yes,5.29,4.19
YouTube,33,computer,winter,yes,6.53,8.17
Facebook,33,mobile,winter,yes,2.91,17.05
TikTok,15,mobile,summer,yes,0.97,16.29
YouTube,22,mobile,winter,yes,6.66,1.61
Instagram,29,mobile,summer,no,3.55,12.89
YouTube,40,mobile,winter,no,10.22,3.12
Instagram,16,mobile,spring,no,8.05,12.47
Twitter,34,computer,winter,no,2.03,1.09
TikTok,21,mobile,winter,yes,5.93,5.74
Instagram,16,mobile,spring,yes,7.73,2.38
Instagram,34,mobile,summer,yes,8.16,8.47
Instagram,25,mobile,winter,yes,4.07,20.62
Instagram,21,mobile,spring,yes,5.26,0.24
TikTok,19,computer,spring,yes,5.03,6.96
Instagram,25,mobile,winter,no,3.8,1.51
Instagram,28,mobile,summer,no,6.58,24.23
YouTube,22,mobile,winter,yes,13.79,2.39
YouTube,47,mobile,fall,no,6.99,14.74
Instagram,28,mobile,spring,yes,3.37,4.97
YouTube,35,computer,spring,no,10.53,12.93
YouTube,21,computer,fall,yes,13.12,14.51
YouTube,29,computer,fall,no,12.01,40.91
Twitter,42,mobile,summer,no,1.13,3.0
Instagram,26,mobile,fall,no,7.48,10.6
Facebook,19,computer,summer,no,5.34,9.25
TikTok,15,mobile,fall,yes,4.34,6.54
TikTok,16,mobile,fall,no,2.29,6.3
YouTube,38,mobile,spring,no,13.97,35.13
YouTube,31,computer,winter,yes,10.56,8.46
Twitter,34,computer,winter,no,1.35,14.57
TikTok,20,mobile,winter,no,5.73,13.33
YouTube,22,computer,fall,no,8.96,133.1
Twitter,41,mobile,summer,yes,2.12,1.0
Instagram,27,mobile,winter,no,4.55,0.56
YouTube,39,computer,summer,no,14.62,21.77
Instagram,25,mobile,winter,no,6.21,17.32
TikTok,19,mobile,winter,yes,3.7,3.88
TikTok,21,mobile,summer,yes,0.12,4.89
YouTube,28,computer,winter,no,10.75,11.5
Facebook,21,computer,winter,no,5.53,8.35
TikTok,19,mobile,spring,yes,0.39,4.8
TikTok,18,mobile,spring,yes,0.84,1.26
Facebook,21,computer,winter,no,6.55,11.96
Instagram,20,mobile,fall,yes,3.65,1.72
TikTok,20,mobile,winter,yes,4.25,26.22
TikTok,19,mobile,fall,no,1.33,24.69
YouTube,37,computer,fall,yes,12.91,23.24
Instagram,19,computer,fall,no,5.97,4.21
TikTok,17,computer,spring,no,7.78,2.93
Instagram,25,mobile,summer,no,6.91,16.89
Instagram,27,mobile,fall,no,8.42,24.1
Facebook,10,computer,fall,no,2.02,3.35
YouTube,44,computer,winter,no,14.06,14.18
TikTok,18,mobile,winter,yes,3.43,3.32
Facebook,40,computer,fall,no,3.33,3.09
TikTok,17,computer,spring,no,7.88,9.05
Facebook,33,mobile,summer,no,6.74,2.34
YouTube,34,mobile,winter,no,10.51,13.85
YouTube,43,computer,summer,yes,14.24,25.1
YouTube,24,computer,fall,yes,7.32,13.0
YouTube,28,computer,summer,no,13.6,0.81
TikTok,23,mobile,spring,no,2.01,7.09
Facebook,43,mobile,summer,no,5.93,10.53
Instagram,13,computer,fall,no,5.9,3.93
TikTok,17,mobile,summer,yes,7.03,22.07
YouTube,21,computer,summer,no,5.53,14.03
TikTok,19,mobile,winter,no,0.35,3.02
Instagram,25,mobile,fall,yes,7.29,9.9
TikTok,13,mobile,summer,yes,1.4,5.92
TikTok,14,mobile,summer,yes,0.61,7.48
Instagram,23,mobile,winter,no,6.79,13.23
YouTube,27,computer,summer,no,10.42,11.01
TikTok,19,mobile,fall,no,2.82,4.53
YouTube,24,computer,winter,yes,10.98,21.24
Instagram,30,computer,fall,no,8.61,11.97
YouTube,30,mobile,winter,yes,8.74,3.94
TikTok,21,mobile,spring,yes,1.67,6.97
TikTok,17,mobile,winter,yes,1.72,17.78
Instagram,27,mobile,summer,yes,7.27,3.82
TikTok,15,mobile,spring,no,2.15,2.27
TikTok,23,computer,winter,no,1.67,6.97
YouTube,29,computer,winter,yes,14.11,4.93
TikTok,22,mobile,summer,yes,1.66,1.93
Facebook,18,computer,summer,no,6.41,7.16
YouTube,25,mobile,fall,yes,13.56,12.26
Facebook,29,mobile,winter,no,3.55,3.48
TikTok,15,mobile,fall,no,5.96,6.75
Facebook,36,computer,summer,no,6.91,4.31
TikTok,18,mobile,fall,yes,7.72,13.42
YouTube,39,mobile,spring,yes,12.76,22.29
TikTok,19,mobile,winter,yes,0.26,0.92
Facebook,15,computer,summer,no,4.66,5.74
YouTube,27,computer,winter,yes,7.02,10.68
YouTube,44,mobile,winter,no,8.27,9.31
YouTube,38,computer,spring,yes,11.63,15.14
TikTok,20,mobile,spring,no,6.58,36.9
Instagram,25,mobile,spring,no,7.53,9.93
Instagram,20,mobile,spring,no,5.38,8.26
YouTube,33,mobile,fall,yes,5.57,7.39
TikTok,20,computer,fall,yes,0.37,1.08
YouTube,12,computer,spring,no,12.08,10.57
TikTok,19,mobile,winter,no,1.37,5.73
TikTok,18,computer,summer,no,7.93,4.1
YouTube,18,computer,summer,no,12.04,41.07
TikTok,23,mobile,fall,yes,2.83,14.73
TikTok,23,mobile,winter,yes,3.41,17.81
Instagram,28,mobile,summer,no,4.87,13.62
YouTube,36,computer,spring,no,13.09,9.93
Facebook,27,computer,winter,yes,4.16,9.45
Facebook,13,mobile,fall,no,5.55,4.04
Facebook,20,computer,fall,yes,3.53,6.57
Instagram,24,mobile,summer,no,4.11,6.01
Twitter,45,computer,fall,no,3.75,6.52
Facebook,30,mobile,fall,no,2.39,2.13
YouTube,23,computer,spring,yes,13.5,8.35
YouTube,26,mobile,fall,no,5.9,2.03
Twitter,39,mobile,winter,no,1.5,7.67
Facebook,25,mobile,summer,no,6.4,5.66
Facebook,32,computer,summer,no,2.18,2.13
Instagram,29,mobile,winter,yes,3.91,12.66
Facebook,28,mobile,summer,no,3.53,9.12
TikTok,20,mobile,fall,no,4.93,4.76
Instagram,31,mobile,summer,no,4.88,5.41
Instagram,34,mobile,summer,yes,5.99,7.32
Facebook,42,computer,winter,no,2.76,6.81
Facebook,34,mobile,summer,no,6.74,3.76
YouTube,24,mobile,winter,yes,9.44,7.04
YouTube,28,computer,spring,yes,12.18,25.39
TikTok,21,computer,winter,no,1.75,6.19
YouTube,22,computer,fall,no,14.33,81.78
TikTok,18,mobile,winter,yes,5.74,11.76
TikTok,21,mobile,winter,no,5.34,10.98
Instagram,28,mobile,summer,no,4.99,6.44
TikTok,21,mobile,spring,yes,5.78,5.07
TikTok,22,mobile,fall,no,7.38,2.96
Facebook,27,mobile,winter,yes,3.94,19.27
Twitter,41,mobile,summer,yes,2.58,2.84
TikTok,15,mobile,summer,no,4.94,6.14
Instagram,32,computer,summer,yes,6.14,1.41
YouTube,26,mobile,summer,no,10.94,11.56
TikTok,20,mobile,spring,yes,1.9,6.12
TikTok,25,mobile,winter,yes,3.97,4.19
YouTube,28,computer,spring,no,12.54,31.76
YouTube,33,computer,summer,no,5.04,22.18
TikTok,20,mobile,spring,yes,1.05,0.32
Instagram,27,mobile,summer,no,3.92,3.56
Instagram,21,mobile,spring,no,8.92,2.96
Instagram,21,mobile,spring,no,4.53,3.74
Instagram,26,computer,fall,yes,8.63,9.82
YouTube,35,mobile,summer,yes,14.42,3.17
Instagram,26,mobile,winter,no,4.86,20.64
TikTok,17,mobile,summer,yes,6.0,10.35
Instagram,26,mobile,winter,yes,5.68,45.61
YouTube,22,computer,winter,no,7.7,9.81
Twitter,39,mobile,winter,no,3.57,3.14
Instagram,27,computer,winter,yes,4.47,5.25
YouTube,23,computer,winter,no,11.71,4.84
TikTok,18,mobile,spring,no,1.31,5.88
Facebook,29,mobile,winter,no,3.97,9.93
YouTube,37,computer,fall,no,11.98,7.44
YouTube,31,computer,spring,no,14.16,20.68
TikTok,14,mobile,summer,yes,3.16,7.76
Instagram,32,mobile,summer,no,3.25,3.39
